X;Y;angulo;fecha_actualizacion;hora_actualizacion;idpm;ih
725900.007;4372288.805;35;2018-03-28;00:45:01;101;383
725541.473;4371975.50499999989;164;2018-03-28;00:45:01;103;688
725371.153;4372023.247;154;2018-03-28;00:45:01;105;731
725265.054;4372052.205;236;2018-03-28;00:45:01;106;209
725318.289;4371865.739;60;2018-03-28;00:45:01;108;354
725642.985;4371969.74;84;2018-03-28;00:45:01;109;108
725643.827;4372117.66399999987;266;2018-03-28;00:45:01;110;191
725766.311;4372128.421;356;2018-03-28;00:45:01;111;82
725907.617;4372109.79;272;2018-03-28;00:45:01;112;124
725517.783;4369429.53199999966;174;;;4318
725493.45;4369428.207;354;;;4317;
726147.506;4372554.14599999972;167;2018-03-28;00:45:01;218;164
726239.968;4372808.14099999983;273;2018-03-28;00:45:01;220;396
726284.409;4372890.40799999982;54;2018-03-28;00:45:01;222;124
725946.934;4373179.836;59;2018-03-28;00:45:01;223;92
725851.861;4373194.87899999972;334;2018-03-28;00:45:01;224;759
726237.792;4372041.818;120;2018-03-28;00:45:01;225;40
726341.359;4372270.29899999965;181;2018-03-28;00:45:01;226;124
726486.1;4372006.206;211;2018-03-28;00:45:01;315;417
726447.395;4371947.22;31;2018-03-28;00:45:01;316;332
726567.401;4371912.25899999961;120;2018-03-28;00:45:01;317;82
726647.506;4372063.87299999967;31;2018-03-28;00:45:01;318;333
725817.248;4371590.99899999984;31;2018-03-28;00:45:01;320;437
726772.539;4372115.122;5;2018-03-28;00:45:01;321;564
726227.991;4371608.93;166;2018-03-28;00:45:01;322;82
725601.455;4371455.774;31;2018-03-28;00:45:01;323;146
725602.401;4371590.363;256;2018-03-28;00:45:01;324;146
724784.584;4371723.122;60;2018-03-28;00:45:04;830;20
724710.103;4372251.582;229;2018-03-28;00:45:04;831;61
724648.799;4371885.99;302;2018-03-28;00:45:04;832;104
724165.225;4372504.54399999976;31;2018-03-28;00:45:04;833;30
725928.384;4372134.30599999987;2;2018-03-28;00:45:01;113;62
725972.247;4372203.16299999971;177;2018-03-28;00:45:01;114;36
725901.875;4372257.23099999968;272;2018-03-28;00:45:01;115;155
725862.244;4372416.03899999987;277;2018-03-28;00:45:01;116;146
725770.573;4372266.82299999986;4;2018-03-28;00:45:01;119;463
725619.487;4372253.741;156;2018-03-28;00:30:00;122;18
725531.858;4372179.65799999982;341;2018-03-28;00:45:01;123;137
725501.084;4372203.60699999984;60;2018-03-28;00:45:01;124;192
725522.464;4372294.854;151;2018-03-27;23:30:02;125;90
725437.258;4372219.927;334;2018-03-28;00:30:01;126;18
725442.941;4372096.677;61;2018-03-28;00:45:01;127;239
725307.178;4372116.832;235;2018-03-28;00:45:01;128;124
725394.879;4372425.75299999956;274;2018-03-28;00:45:01;129;120
725410.964;4372162.478;273;2018-03-28;00:45:01;130;20
725633.905;4372463.52;122;2018-03-28;00:45:01;135;64
723631.887;4371007.625;52;2018-03-28;00:45:03;726;110
723597.188;4370981.319;230;2018-03-28;00:45:03;727;291
723969.993;4371503.092;185;2018-03-28;00:45:03;728;83
723718.132;4371457.295;275;2018-03-28;00:30:01;730;42
723621.823;4371462.325;4;2018-03-28;00:45:03;732;20
723593.913;4371444.926;275;2018-03-28;00:45:03;733;20
723582.234;4371472.704;184;2018-03-28;00:30:01;734;20
723409.856;4371446.38399999961;5;2018-03-28;00:45:03;735;20
723359.741;4371454.437;185;2018-03-28;00:45:03;736;20
724213.656;4372874.463;32;2018-03-28;00:45:04;834;42
724071.25;4371985.875;184;2018-03-28;00:45:04;901;333
723662.331;4372027.971;349;2018-03-28;00:45:04;902;20
723506.647;4372060.454;169;2018-03-28;00:45:04;903;82
723241.631;4372105.383;349;2018-03-28;00:45:04;904;292
722640.637;4372094.295;6;2018-03-28;00:45:04;905;84
722487.602;4372081.212;186;2018-03-28;00:45:04;906;20
722462.807;4372063.27099999972;7;2018-03-28;00:45:04;907;543
725912.241;4371983.466;224;2018-03-28;00:45:01;202;333
725971.652;4372041.501;222;2018-03-23;07:30:00;203;758
726129.779;4372192.12899999972;225;2018-03-28;00:45:01;204;270
726673.149;4371497.35599999968;165;2018-03-28;00:45:02;404;124
726641.591;4371562.94099999964;300;2018-03-28;00:45:02;405;82
726712.95;4371656.91899999976;120;2018-03-28;00:45:02;406;41
726687.711;4371432.474;210;2018-03-28;00:45:02;407;162
726758.591;4371459.42899999954;345;2018-03-28;00:45:02;408;82
726880.234;4371545.45799999963;211;2018-03-28;00:45:02;409;93
726935.764;4371724.543;297;2018-03-28;00:45:02;410;207
726980.239;4371462.79899999965;30;2018-03-28;00:45:02;434;187
725877.512;4370634.96;122;2018-03-28;00:45:02;502;185
726171.703;4370992.07;30;2018-03-28;00:45:02;510;312
726381.753;4370988.144;124;2018-03-28;00:45:02;511;83
726324.619;4371109.165;109;2018-03-28;00:45:02;512;30
726339.585;4371228.836;210;2018-03-28;00:30:01;513;22
726487.801;4371176.019;30;2018-03-28;00:45:02;514;270
726658.508;4371319.564;120;2018-03-28;00:30:01;515;20
726604.991;4371411.58;120;2018-03-28;00:45:02;516;20
722278.28;4372054.97599999979;7;2018-03-28;00:30:02;908;20
722486.779;4372090.24199999962;186;2018-03-28;00:45:04;909;354
723168.134;4372414.064;280;2018-03-28;00:45:04;910;332
723194.282;4372349.042;101;2018-03-28;00:45:04;911;312
723078.264;4372436.148;0;2018-03-28;00:30:02;912;42
723295.588;4372439.426;183;2018-03-28;00:45:04;913;45
723817.676;4372663.416;16;2018-03-28;00:45:04;914;62
723171.832;4372529.847;101;2018-03-28;00:45:04;915;144
724136.52;4372236.42499999981;30;2018-03-28;00:00:00;916;62
723905.63;4372321.21499999985;339;2018-03-28;00:45:04;917;30
723735.022;4372399.586;88;2018-03-28;00:15:01;918;30
722910.936;4372136.16399999987;186;2018-03-28;00:45:04;919;271
723310.25;4372518.284;15;2018-03-28;00:45:04;920;166
724400.147;4373145.49;300;2018-03-28;00:45:05;1018;229
724358.39;4373241.99;121;2018-03-28;00:45:05;1019;354
724399.27;4373556.863;211;2018-03-28;00:45:05;1020;20
724569.139;4373253.21899999958;203;2018-03-28;00:45:05;1021;374
724959.031;4373493.961;214;2018-03-28;00:45:05;1022;83
726514.39;4372383.64499999955;329;2018-03-28;00:45:01;207;104
726378.818;4372714.604;304;2018-03-28;00:45:01;209;334
726516.222;4372511.365;305;2018-03-28;00:45:01;210;165
726673.755;4372342.689;32;2018-03-28;00:45:01;211;104
726292.58;4372597.417;303;2015-10-16;10:45:03;212;1639
726198.239;4372396.86099999957;68;2018-03-28;00:45:01;213;145
725953.143;4373137.523;324;2018-03-28;00:45:01;214;585
726349.864;4372286.96499999985;119;2018-03-28;00:45:01;215;43
725837.975;4372624.473;167;2018-03-28;00:45:01;217;155
726687.746;4372205.837;299;2015-10-16;10:45:06;229;1549
723741.532;4371999.02199999988;348;2018-03-28;00:45:04;921;437
723050.841;4372469.729;194;2018-03-28;00:45:04;922;126
724086.279;4371940.525;348;2018-03-28;00:45:04;923;290
724224.336;4372029.23699999973;196;2018-03-28;00:45:04;924;375
723815.441;4372668.284;16;2018-03-28;00:45:04;925;104
723307.421;4372528.036;15;2018-03-28;00:45:05;927;161
723664.604;4372039.46899999958;169;2018-03-28;00:45:05;928;437
723725.702;4372578.03299999982;194;2018-03-28;00:45:05;929;60
724918.423;4373448.62799999956;33;2018-03-28;00:45:05;1034;20
724999.939;4373480.386;301;2018-03-28;00:45:05;1035;61
725127.28;4373585.81099999975;209;2018-03-28;00:45:05;1036;334
724613.112;4373265.77599999961;212;2018-03-28;00:45:05;1037;271
724935.663;4373625.258;120;2018-03-28;00:45:05;1038;41
725006.22;4373942.932;209;2018-03-28;00:45:05;1040;41
725130.595;4373954.62299999967;359;2018-03-28;00:45:05;1041;103
725329.269;4373643.713;356;2018-03-28;00:45:05;1101;62
725385.117;4373651.587;178;2018-03-28;00:45:05;1102;541
725545.291;4373642.571;177;2018-03-28;00:45:05;1104;395
725441.0;4373861.32699999958;265;2018-03-28;00:45:05;1105;102
725606.899;4373645.517;358;2018-03-28;00:45:05;1106;20
726068.638;4373892.791;244;2018-03-28;00:45:06;1125;126
725950.156;4373620.501;246;2018-03-28;00:45:06;1126;145
725676.554;4374040.724;9;2018-03-28;00:15:01;1136;20
725790.094;4374056.96899999958;9;2018-03-28;00:15:01;1138;20
725961.131;4374082.416;0;2018-03-28;00:45:06;1141;20
726014.546;4373957.26599999983;72;2018-03-28;00:45:06;1142;20
726068.694;4374032.826;309;2018-03-28;00:30:02;1144;20
725891.363;4371742.048;113;2018-03-28;00:45:01;302;333
726016.919;4371831.11799999978;300;2018-03-28;00:45:01;303;43
726036.659;4371744.244;210;2018-03-28;00:45:01;304;332
726124.969;4371795.87299999967;209;2018-03-28;00:45:01;305;290
725995.301;4371651.459;346;2018-03-28;00:45:01;306;145
726025.273;4371538.59499999974;130;2018-03-28;00:45:01;307;105
726081.316;4371645.42499999981;165;2018-03-28;00:45:01;308;82
726086.096;4371706.88;300;2018-03-28;00:45:01;309;41
726097.003;4371741.75399999972;31;2018-03-28;00:45:01;310;353
726179.608;4371938.847;300;2018-03-28;00:45:01;311;20
726292.25;4371893.224;211;2018-03-28;00:45:01;312;416
725519.775;4371231.961;117;2018-03-28;00:45:03;533;125
725566.688;4371218.927;30;2018-03-28;00:30:01;534;42
725444.99;4370580.331;13;2018-03-28;00:45:03;601;292
725095.147;4370687.519;81;2018-03-28;00:45:03;602;145
724763.603;4371456.997;121;2018-03-28;00:45:03;603;227
726253.733;4374090.72599999979;345;2018-03-28;00:45:06;1145;20
726094.32;4374012.392;121;2018-03-27;21:45:05;1146;30
725958.478;4374139.909;257;2018-03-28;00:15:01;1149;20
725756.556;4374085.565;108;2018-03-28;00:45:06;1150;41
725782.382;4373929.14499999955;177;2018-03-28;00:45:06;1156;62
725307.285;4373957.67899999954;177;2018-03-28;00:45:06;1157;41
725927.457;4373929.19799999986;349;2018-03-28;00:45:06;1158;40
725878.226;4373367.899;239;2018-03-28;00:45:06;1161;125
725272.363;4374493.315;18;2018-03-28;00:45:06;1201;249
725381.752;4374655.048;296;2018-03-28;00:45:06;1202;145
725760.63;4374391.09399999958;76;2018-03-28;00:45:06;1203;42
725525.644;4374587.84399999958;197;2018-03-28;00:45:06;1204;329
725701.866;4374438.51;242;2018-03-28;00:45:06;1208;61
725683.541;4374639.51;198;2018-03-28;00:45:06;1209;124
724873.806;4374370.88;18;2018-03-28;00:45:07;1210;208
724963.482;4374407.07299999986;198;2018-03-28;00:45:07;1211;250
728310.101;4373413.29399999976;161;2018-03-28;00:45:09;2045;229
728025.307;4373509.00499999989;161;2018-03-28;00:45:09;2046;272
727913.152;4372829.06699999981;359;2018-03-28;00:45:09;2050;62
727490.047;4371852.52199999988;167;2018-03-28;00:00:00;2101;42
727798.495;4371585.905;254;2018-03-28;00:45:09;2107;249
727842.702;4371669.479;74;2018-03-28;00:45:09;2108;165
727840.004;4371736.71899999958;254;2018-03-28;00:45:09;2113;354
727792.434;4372096.568;341;2018-03-28;00:45:09;2114;42
725228.923;4375052.07699999958;291;2018-03-28;00:45:07;1212;61
725922.736;4374607.655;138;2018-03-28;00:45:07;1214;250
725880.934;4374617.944;318;2018-03-28;00:45:07;1215;62
725609.976;4374601.92399999965;18;2018-03-28;00:45:07;1216;166
725644.629;4374607.00299999956;17;2018-03-28;00:45:07;1217;188
725965.353;4374559.50399999972;139;2018-03-28;00:45:07;1218;208
725387.088;4374544.422;197;2018-03-28;00:45:07;1220;311
725195.291;4374474.91399999987;18;2018-03-28;00:45:07;1221;42
725267.909;4374978.234;106;2018-03-28;00:45:07;1222;62
725896.322;4374861.217;246;2018-03-28;00:45:07;1224;210
726433.829;4374004.88499999978;251;2018-03-28;00:30:03;1301;20
726360.939;4374060.15199999977;343;2018-03-28;00:45:07;1302;20
726930.77;4372139.352;185;2018-03-28;00:45:07;1504;458
727812.297;4373136.93499999959;74;2018-03-28;00:45:07;1511;290
727794.602;4373125.579;253;2018-03-28;00:45:07;1512;124
727204.852;4371560.24799999967;198;2018-03-28;00:45:08;1513;292
727307.491;4371640.49199999962;70;2018-03-28;00:45:08;1514;166
727390.636;4371880.206;71;2018-03-28;00:45:08;1515;42
727092.45;4371948.074;114;2018-03-28;00:45:08;1523;416
727153.991;4371761.16299999971;295;2018-03-28;00:45:08;1524;126
727290.163;4372434.137;71;2018-03-28;00:45:08;1525;438
726711.833;4372586.12399999984;305;2018-03-28;00:45:08;1526;83
727602.893;4372492.534;70;2018-03-28;00:45:08;1527;187
727328.126;4371733.37399999984;249;2018-03-28;00:45:08;1528;207
727670.02;4372720.773;251;2018-03-28;00:45:08;1529;110
727195.42;4372017.91899999976;340;2018-03-28;00:45:08;1538;373
727298.266;4371982.258;339;2018-03-28;00:45:08;1539;310
727372.651;4371881.89499999955;161;2018-03-28;00:30:05;1540;84
727395.996;4371927.011;250;2018-03-28;00:45:08;1541;187
727431.224;4371998.422;72;2018-03-28;00:45:08;1542;62
728081.593;4371676.36099999957;160;2018-03-28;00:45:08;1601;103
728661.042;4371692.71399999969;251;2018-03-28;00:45:08;1607;20
728545.086;4371795.632;161;2017-10-26;03:00:05;1609;5
728221.728;4371659.605;341;2018-03-28;00:45:08;1612;226
728397.703;4371597.849;341;2018-03-28;00:45:08;1613;185
728627.169;4371517.513;341;2018-03-28;00:45:08;1614;226
728811.203;4371453.08299999963;341;2018-03-28;00:45:08;1615;249
728776.593;4371385.125;70;2018-03-28;00:45:08;1616;20
728742.842;4371375.689;160;2018-03-28;00:45:08;1617;82
728692.991;4371431.89599999972;71;2018-03-28;00:45:08;1618;20
728576.952;4371450.565;151;2018-03-28;00:45:08;1619;82
728363.591;4371535.104;251;2018-03-28;00:45:08;1620;41
728282.753;4371604.932;160;2018-03-28;00:45:08;1621;42
723605.207;4373416.761;121;2018-03-28;00:45:08;1702;229
723842.764;4373868.252;211;2018-03-28;00:45:08;1714;20
723338.485;4373557.418;31;2018-03-28;00:45:08;1715;166
723270.56;4373536.51;211;2018-03-28;00:45:08;1716;20
723003.329;4373232.205;281;2018-03-28;00:45:08;1717;62
723060.368;4373547.03299999982;78;2018-03-28;00:45:08;1718;62
723055.049;4373567.097;258;2018-03-28;00:45:08;1719;103
728554.469;4372396.64599999972;251;2018-03-28;00:45:08;1801;60
728448.662;4372589.69199999981;341;2018-03-28;00:45:08;1802;224
728598.651;4372604.114;161;2018-03-28;00:45:08;1803;187
728657.713;4372080.66;162;2018-03-28;00:45:08;1809;30
729121.796;4372423.24799999967;161;2018-03-28;00:45:08;1810;102
729033.81;4371951.501;161;2018-03-28;00:45:08;1811;2
728895.859;4371987.89099999983;341;2018-03-28;00:45:08;1812;150
728834.881;4372021.604;162;2018-03-28;00:30:06;1813;20
728220.83;4372902.775;341;2018-03-28;00:45:08;2003;146
728114.098;4372953.394;341;2018-03-28;00:45:08;2006;20
728151.286;4372833.39;254;2018-03-28;00:45:08;2007;229
725885.724;4371176.62299999967;121;2018-03-22;03:00:23;535;10
726595.646;4371205.73599999957;300;2018-03-28;00:45:03;537;62
723784.534;4371216.56699999981;232;2018-03-28;00:45:03;723;45
723746.313;4371153.89599999972;51;2018-03-28;00:45:03;724;108
723672.544;4371076.028;231;2018-03-28;00:45:03;725;283
724595.709;4371708.62;300;2018-03-28;00:45:04;801;146
724598.754;4371711.613;299;2018-03-28;00:45:04;802;230
724436.753;4371978.165;119;2018-03-28;00:45:04;805;42
724443.83;4371999.466;120;2018-03-28;00:45:04;806;61
724617.889;4372146.92499999981;196;2018-03-28;00:45:04;807;542
724503.25;4372112.906;196;2018-03-28;00:45:04;808;625
724329.935;4372158.434;300;2018-03-28;00:45:04;809;103
724896.854;4371778.04899999965;348;2018-03-28;00:45:04;810;248
724295.117;4372225.10099999979;302;2018-03-28;00:45:04;811;146
724213.093;4372386.392;121;2018-03-28;00:45:04;812;362
724260.084;4372899.94;31;2018-03-28;00:45:04;813;103
728099.024;4372649.05399999954;254;2018-03-28;00:45:08;2011;313
728073.574;4372556.562;254;2018-03-28;00:45:08;2012;312
728099.545;4372583.695;74;2018-03-28;00:45:08;2013;186
728167.512;4372551.342;161;2018-03-28;00:45:09;2014;62
728082.295;4372444.705;341;2018-03-28;00:00:00;2018;20
728016.019;4372357.11699999962;254;2018-03-28;00:45:09;2019;400
728053.971;4372269.26499999966;341;2018-03-28;00:45:09;2024;30
727964.039;4372314.241;162;2018-03-28;00:00:00;2025;20
727988.734;4372261.88399999961;254;2018-03-28;00:45:09;2026;417
727961.147;4372164.84399999958;254;2018-03-28;00:45:09;2027;437
727989.332;4372196.637;74;2018-03-28;00:45:09;2028;164
727913.778;4372799.798;341;2018-03-28;00:45:09;2029;333
727925.117;4372813.171;161;2018-03-28;00:45:09;2030;208
727749.164;4372388.738;161;2018-03-23;07:30:10;2031;127
728074.393;4372763.086;161;2018-03-28;00:45:09;2032;167
728189.355;4372679.91;340;2018-03-28;00:45:09;2033;317
723161.389;4370724.803;297;2018-03-28;00:45:10;2403;61
723200.67;4370505.274;226;2018-03-28;00:45:10;2404;480
723353.238;4370680.597;232;2018-03-28;00:45:10;2408;428
723354.565;4370666.888;232;2018-03-28;00:30:10;2409;42
723325.185;4370766.86099999957;297;2018-03-28;00:45:10;2410;20
723157.078;4370434.529;46;2018-03-28;00:45:10;2411;208
723170.246;4370463.60599999968;46;2018-03-28;00:30:10;2412;62
723441.814;4370936.744;117;2018-03-28;00:45:10;2413;208
725725.04;4373544.60099999979;147;2018-03-28;00:45:06;1107;563
725771.878;4373574.40799999982;92;2018-03-28;00:45:06;1108;125
725512.46;4373635.329;357;2018-03-28;00:45:06;1110;20
725637.186;4373588.334;326;2018-03-28;00:45:06;1111;82
725928.087;4373467.007;65;2017-01-17;07:00:14;1112;141
725955.902;4373538.94099999964;65;2018-03-28;00:45:06;1114;20
726003.125;4373613.12899999972;347;2018-03-28;00:00:00;1115;20
726021.905;4373613.89099999983;167;2018-03-28;00:45:06;1116;42
726004.747;4373645.94;64;2018-03-28;00:45:06;1117;40
726069.143;4373729.27;342;2018-03-28;00:00:00;1118;20
726075.035;4373798.382;65;2018-03-28;00:45:06;1119;20
726162.148;4373865.241;161;2018-03-27;22:30:00;1120;15
726156.496;4373908.57799999975;357;2018-03-28;00:45:06;1121;20
726205.075;4373917.40099999961;177;2018-03-28;00:45:06;1122;20
726141.465;4373943.528;65;2018-03-28;00:15:01;1123;40
726046.856;4373925.126;178;2018-03-28;00:45:06;1124;20
727190.44;4372896.15699999966;70;2018-03-28;00:45:07;1428;186
727211.843;4372995.457;249;2018-03-28;00:45:07;1429;40
727102.545;4372918.279;341;2018-03-28;00:00:00;1430;42
726597.343;4372753.45;305;2018-03-28;00:45:07;1432;103
727570.683;4373368.025;239;2018-03-28;00:45:07;1433;84
726477.652;4373146.303;70;2018-03-28;00:45:07;1434;124
728573.341;4371788.73099999968;71;2017-11-18;03:00:27;1608;24
728459.319;4371820.552;251;2017-11-16;03:00:27;1610;6
728076.144;4372669.854;204;2018-03-28;00:45:09;2034;62
728032.94;4372636.109;24;2018-03-28;00:45:09;2035;103
728217.25;4372226.16199999955;161;2018-03-28;00:45:09;2036;62
727853.577;4372340.531;341;2018-03-28;00:45:09;2037;40
728230.18;4373030.433;74;2018-03-28;00:45:09;2038;82
728254.152;4373116.784;74;2018-03-28;00:45:09;2043;82
728455.92;4373334.803;341;2018-03-28;00:45:09;2044;125
727919.35;4372017.643;254;2018-03-28;00:45:09;2116;333
726758.027;4373923.632;341;2018-03-28;00:45:07;1317;20
726714.45;4373953.642;162;2018-03-28;00:45:07;1318;104
726459.22;4374029.872;340;2018-03-28;00:45:07;1319;42
726529.942;4374016.64499999955;160;2018-03-28;00:45:07;1320;42
726426.2;4374054.461;161;2018-03-28;00:00:00;1321;20
726457.293;4374076.565;252;2018-03-28;00:30:03;1322;20
726284.891;4373933.7;72;2018-03-28;00:45:07;1323;82
726677.564;4374023.041;318;2018-03-28;00:00:00;1324;20
726732.003;4373903.44799999986;251;2018-03-28;00:45:07;1325;103
726401.015;4374152.376;317;2018-03-28;00:45:07;1326;229
726086.837;4374437.14099999983;319;2018-03-28;00:45:07;1327;249
726244.157;4374312.59399999958;139;2018-03-28;00:45:07;1328;376
726964.212;4373316.849;70;2018-03-28;00:45:07;1423;126
727371.484;4372824.68099999987;251;2018-03-28;00:45:07;1424;144
727361.0;4372634.854;70;2018-03-28;00:45:07;1425;292
727305.85;4373247.418;71;2018-03-28;00:45:07;1427;217
726638.906;4372636.209;35;2018-03-28;00:45:07;1435;81
727550.665;4372924.176;341;2018-03-28;00:45:07;1436;228
726887.352;4372323.82199999969;303;2018-03-28;00:45:07;1501;82
726991.695;4372247.71;122;2018-03-28;00:45:07;1502;40
723639.025;4373756.019;211;2018-03-28;00:45:08;1703;165
723869.412;4373893.37799999956;211;2018-03-28;00:45:08;1704;82
724037.02;4373817.354;121;2018-03-28;00:45:08;1707;20
723596.526;4373711.849;31;2018-03-28;00:45:08;1712;311
727951.704;4372065.00899999961;74;2018-03-28;00:45:09;2117;228
727656.428;4371092.281;254;2018-03-28;00:45:09;2124;166
727649.991;4370993.88;74;2018-03-28;00:45:09;2125;124
725574.57;4370439.14699999988;261;2018-03-27;22:30:02;2319;42
725568.925;4370301.119;356;2018-03-28;00:45:10;2320;30
725548.736;4370288.295;261;2018-03-28;00:45:10;2321;30
725533.305;4370151.46499999985;81;2018-03-28;00:45:10;2322;120
725516.021;4370092.354;261;2018-03-28;00:45:10;2323;30
728158.335;4372789.495;74;2018-03-28;00:45:08;2008;181
728172.957;4372842.943;74;2018-03-28;00:45:08;2009;133
728242.234;4372807.673;161;2018-03-28;00:45:08;2010;45
728310.039;4373354.79;251;2018-03-28;00:45:09;2039;104
728254.712;4373190.403;254;2018-03-28;00:45:09;2040;61
728283.048;4373213.511;71;2018-03-28;00:45:09;2041;166
728227.659;4373096.354;254;2018-03-28;00:45:09;2042;103
728175.249;4373427.451;341;2015-10-16;10:45:42;2049;1916
727909.036;4371913.59;73;2018-03-28;00:45:09;2119;187
727889.784;4371845.63499999978;73;2018-03-28;00:45:09;2120;187
727954.912;4371718.268;160;2018-03-28;00:45:09;2121;167
727277.254;4371429.154;298;2018-03-28;00:45:09;2122;145
727317.772;4371375.939;118;2018-03-28;00:45:09;2123;166
727516.165;4371297.047;166;2018-03-28;00:45:09;2126;102
727435.834;4371260.579;324;2018-03-28;00:45:09;2127;333
727731.999;4371282.973;74;2018-03-28;00:45:09;2128;104
727551.619;4371893.529;341;2018-03-28;00:45:09;2132;353
727713.263;4371836.95299999975;341;2018-03-28;00:45:09;2133;228
726931.414;4370823.80399999954;210;2018-03-28;00:45:09;2226;12
726931.414;4370823.80399999954;210;2018-03-28;00:45:09;2226;12
726763.178;4370706.956;30;2018-03-28;00:45:09;2227;42
726812.987;4370755.29;210;2018-03-28;00:45:09;2228;20
726812.987;4370755.29;210;2018-03-28;00:45:09;2228;20
726842.218;4370819.48199999984;120;2018-03-28;00:30:08;2230;42
725493.236;4369903.26;81;2018-03-28;00:45:10;2324;120
725481.254;4369876.405;261;2018-03-28;00:45:10;2325;20
725459.825;4369694.076;81;2018-03-28;00:45:10;2326;120
725447.84;4369660.371;261;2018-03-28;00:45:10;2327;20
725782.859;4370532.246;30;2018-03-28;00:30:09;2328;22
725781.389;4370538.012;30;2018-03-28;00:45:10;2329;30
723402.164;4370710.10099999979;51;2018-03-28;00:45:10;2401;353
723258.596;4370454.66299999971;117;2018-03-28;00:15:03;2402;20
723239.399;4370596.05;117;2018-03-28;00:30:09;2405;62
723557.259;4370910.98;51;2018-03-28;00:45:10;2406;134
723435.868;4370789.996;231;2018-03-28;00:45:10;2407;626
723456.683;4370878.843;117;2018-03-28;00:45:10;2414;1
723393.607;4370716.65799999982;51;2018-03-28;00:45:10;2415;20
727096.799;4373809.68099999987;341;2018-03-28;00:45:10;2726;20
725642.798;4370963.69699999969;300;2017-09-15;09:45:02;504;840
725864.365;4370951.437;210;2018-03-28;00:45:02;505;61
725952.122;4370864.234;31;2018-03-28;00:45:02;506;333
726030.746;4371194.78299999982;299;2018-03-28;00:45:02;507;30
726107.83;4371063.30599999987;301;2018-03-28;00:45:02;508;41
726165.832;4371126.717;210;2018-03-28;00:45:02;509;96
726559.594;4371228.293;211;2018-03-28;00:45:02;519;229
726399.313;4371135.131;211;2018-03-28;00:45:02;520;313
726122.794;4370974.286;209;2018-03-28;00:45:02;521;208
725909.29;4370851.216;210;2018-03-28;00:45:02;522;271
725916.398;4370527.53699999955;300;2018-03-28;00:45:02;523;354
726371.333;4371221.81;301;2018-03-28;00:45:02;524;62
726036.582;4370352.67499999981;120;2018-03-28;00:45:02;526;207
726083.655;4371078.667;210;2018-03-28;00:45:02;527;30
728014.744;4371731.855;341;2018-03-28;00:45:09;2134;249
726262.975;4370415.67399999965;30;2018-03-28;00:45:09;2242;60
726382.2;4370504.96;210;2018-03-28;00:45:09;2243;40
723516.406;4370726.045;297;2018-03-28;00:45:10;2419;291
724233.708;4370656.471;186;2018-03-28;00:45:10;2420;50
723737.73;4370405.71399999969;116;2018-03-28;00:45:10;2422;145
723597.091;4370684.517;116;2018-03-28;00:45:10;2423;145
723847.09;4370455.543;227;2018-03-28;00:45:10;2424;20
723867.802;4370470.649;47;2018-03-28;00:30:10;2425;20
723934.082;4370552.69699999969;227;2018-03-27;23:30:12;2426;20
723956.71;4370570.012;47;2018-03-28;00:15:03;2427;166
724034.533;4370517.668;155;2018-03-28;00:45:10;2428;90
724017.443;4370643.32199999969;227;2018-03-28;00:30:10;2429;20
724077.903;4370632.241;5;2018-03-28;00:45:10;2430;40
724083.826;4370718.406;51;2018-03-28;00:45:10;2431;42
724171.702;4370812.05;319;2018-03-28;00:45:10;2432;50
724187.063;4370847.06699999981;51;2018-03-28;00:45:10;2433;92
724049.464;4370931.87799999956;229;2018-03-28;00:30:10;2434;40
724934.437;4372820.273;194;2018-03-28;00:45:10;2522;229
730073.674;4372391.843;0;2018-03-27;22:45:13;3021;20
729033.155;4371350.905;211;2018-03-28;00:30:12;3111;20
729238.457;4371254.38399999961;261;2018-03-28;00:45:11;3114;20
728865.296;4371328.274;220;2018-03-28;00:45:11;3118;250
729608.847;4370889.35;304;2018-03-28;00:45:11;3120;40
729645.716;4370563.757;236;2018-03-28;00:45:11;3121;30
729603.565;4370480.688;56;2018-03-28;00:45:11;3122;20
725965.432;4371010.091;210;2018-03-28;00:45:02;528;90
725080.9;4370918.22499999963;121;2017-11-27;06:30:15;609;455
725268.408;4370628.23699999973;140;2018-03-28;00:45:03;610;166
725307.6;4371614.932;300;2018-03-28;00:45:03;611;396
725234.184;4371537.36699999962;77;2018-03-28;00:45:03;612;102
725066.236;4370532.87;262;2018-03-28;00:45:03;613;194
725145.166;4371032.712;79;2018-03-28;00:45:03;614;165
725099.548;4370764.86099999957;261;2018-03-28;00:45:03;615;114
724946.855;4371119.994;301;2017-11-21;03:00:09;616;94
724834.676;4371310.281;302;2017-11-21;03:00:09;617;99
724269.666;4371642.809;61;2018-03-28;00:45:03;702;124
724119.046;4371630.69799999986;232;2018-03-28;00:45:03;703;165
723930.233;4371385.222;51;2018-03-28;00:45:03;704;192
724008.96;4371266.001;132;2018-03-28;00:30:01;705;20
723936.566;4371335.98199999984;312;2018-03-28;00:45:03;706;20
724141.278;4371709.712;109;2018-03-28;00:45:03;707;42
724341.749;4371768.193;66;2018-03-28;00:45:03;713;62
724150.173;4371648.716;297;2018-03-28;00:45:03;714;20
724193.057;4371555.459;110;2018-03-28;00:45:03;716;62
723979.127;4371462.27;231;2018-03-28;00:45:03;717;307
723922.144;4371402.08;185;2018-03-28;00:45:03;718;20
723887.081;4371345.747;232;2018-03-28;00:45:03;719;130
723829.38;4371257.95299999975;52;2018-03-28;00:45:03;720;151
723768.786;4371258.324;312;2018-03-28;00:45:03;721;20
725034.394;4373141.43099999987;76;2018-03-28;00:45:10;2524;458
724970.618;4373274.423;35;2018-03-28;00:45:10;2525;208
725129.941;4373390.315;25;2018-03-28;00:45:10;2526;375
725319.106;4373489.557;97;2017-08-28;16:30:21;2527;138
725340.556;4373450.139;349;2018-03-28;00:45:10;2528;249
724879.473;4371881.506;59;2018-03-28;00:45:10;2529;84
725006.423;4372143.56;121;2018-03-28;00:45:10;2530;104
725051.716;4372024.274;301;2018-03-28;00:45:10;2531;354
725587.923;4374216.153;243;2018-03-28;00:45:07;1222;62
727151.807;4372166.008;44;2018-03-28;00:45:07;1505;396
727471.261;4372145.07199999969;252;2018-03-28;00:45:07;1508;221
727506.213;4372211.775;71;2018-03-28;00:45:07;1509;244
727617.624;4372565.564;251;2018-03-28;00:45:07;1510;133
727641.739;4372605.285;72;2018-03-28;00:45:08;1516;229
727240.032;4372412.76;250;2018-03-28;00:45:08;1517;229
727055.608;4372581.48;306;2018-03-28;00:45:08;1518;20
727666.988;4372865.535;329;2018-03-28;00:45:08;1519;20
727632.495;4372895.213;342;2018-03-28;00:45:08;1520;270
726830.407;4372520.325;124;2018-03-28;00:45:08;1521;82
726789.214;4372503.09399999958;124;2018-03-28;00:45:08;1522;250
727524.1;4372299.802;250;2018-03-28;00:45:08;1530;228
726895.811;4372481.456;33;2018-03-28;00:45:08;1531;61
727910.417;4373196.78899999987;3;2018-03-28;00:45:08;1532;20
727925.545;4373203.886;182;2018-03-28;00:45:08;1533;20
727500.05;4372471.82199999969;161;2018-03-28;00:45:08;1534;62
728040.472;4372439.06;254;2018-03-28;00:45:09;2015;396
728071.861;4372487.16199999955;74;2018-03-28;00:45:09;2016;165
728134.844;4372446.52699999977;161;2018-03-28;00:45:09;2017;83
727965.005;4372384.89;341;2018-03-28;00:45:09;2020;104
728040.105;4372377.234;74;2018-03-28;00:45:09;2021;163
728059.45;4372352.77199999988;341;2018-03-28;00:45:09;2022;30
728019.77;4372306.13499999978;74;2018-03-28;00:45:09;2023;124
725063.361;4372060.008;121;2018-03-28;00:45:10;2532;270
725163.124;4371838.305;301;2018-03-28;00:45:10;2533;227
724882.572;4372219.831;197;2018-03-28;00:45:10;2534;223
723945.215;4374904.729;130;2018-03-28;00:45:10;2624;40
723559.693;4375393.051;271;2018-03-28;00:45:10;2625;41
723559.693;4375393.051;271;2018-03-28;00:45:10;2625;41
723564.932;4375377.906;104;2018-03-28;00:45:10;2626;20
726885.888;4373882.695;341;2018-03-28;00:30:11;2701;20
727677.838;4371813.699;169;2018-03-28;00:45:09;2135;83
727463.148;4370816.258;125;2018-03-28;00:45:09;2205;20
727432.909;4370815.50299999956;305;2018-03-28;00:45:09;2206;62
727325.123;4370670.846;31;2018-03-28;00:45:09;2207;103
727326.788;4370684.286;211;2018-03-28;00:45:09;2208;208
727125.811;4370565.724;211;2018-03-28;00:45:09;2209;207
726722.692;4370322.48199999984;31;2018-03-28;00:45:09;2214;103
726680.112;4370346.598;121;2018-03-28;00:45:09;2215;126
726637.205;4370405.90099999961;301;2018-02-06;03:00:03;2216;5
726480.819;4370195.921;210;2018-03-28;00:45:09;2217;272
726324.978;4370089.099;31;2018-03-28;00:45:09;2218;81
726249.098;4370186.057;299;2018-03-28;00:45:09;2219;40
726288.234;4370083.551;211;2018-03-28;00:45:09;2220;209
726316.543;4370059.312;304;2018-03-28;00:45:09;2221;42
726343.506;4370024.046;124;2018-03-28;00:15:03;2222;20
725047.095;4372171.04899999965;65;2018-03-28;00:45:10;2515;20
725047.864;4372242.542;183;2018-03-28;00:45:10;2516;83
725047.864;4372242.542;183;2018-03-28;00:45:10;2516;83
725031.024;4372384.312;94;2018-03-28;00:45:10;2517;375
724692.988;4372384.863;30;2018-03-28;00:45:10;2518;62
724694.17;4372697.882;4;2018-03-28;00:15:04;2539;20
725033.288;4372808.603;253;2018-03-27;23:30:13;2540;42
725046.376;4372811.85099999979;173;2018-03-28;00:45:10;2541;62
726771.352;4373673.302;71;2018-03-28;00:45:10;2703;208
726957.57;4373668.244;138;2018-03-28;00:45:10;2704;165
726858.417;4373922.245;71;2018-03-28;00:45:10;2706;60
726935.451;4374142.529;71;2018-03-28;00:45:10;2707;120
728015.388;4373778.085;221;2018-03-28;00:45:10;2719;42
726817.407;4373918.18599999975;161;2018-03-28;00:45:10;2720;146
726974.564;4373836.23;267;2018-03-28;00:45:10;2721;20
726987.677;4373846.99299999978;341;2018-03-28;00:30:11;2722;20
727000.697;4373915.19799999986;251;2018-03-28;00:15:04;2723;42
726967.95;4373864.808;161;2018-03-28;00:45:10;2724;83
727075.306;4373801.23599999957;251;2018-03-28;00:15:04;2725;20
727046.429;4373837.582;161;2018-03-28;00:45:10;2728;42
727167.073;4373714.866;72;2018-03-28;00:45:10;2729;42
727193.874;4373775.923;341;2018-03-28;00:45:10;2730;20
727177.149;4373792.41899999976;161;2018-03-28;00:45:10;2731;20
727240.088;4373736.79;251;2018-03-27;23:45:10;2732;20
727795.975;4373375.20299999975;120;2015-10-16;10:45:42;2758;526
725240.397;4372096.616;138;2018-03-28;00:45:01;131;356
725236.646;4372106.24299999978;137;2018-03-28;00:45:01;132;167
725695.36;4371933.305;165;2018-03-28;00:45:01;133;459
725640.153;4372471.36699999962;178;2018-03-28;00:45:01;134;90
727096.709;4373866.14499999955;251;2018-03-28;00:45:10;2727;20
727616.931;4373347.983;53;2015-10-16;10:45:28;2755;1119
727716.944;4373427.03799999971;324;2018-03-28;00:45:10;2756;124
727808.9;4373375.82699999958;109;2018-03-28;00:45:10;2757;82
727644.779;4373607.103;341;2018-03-28;00:45:10;2759;42
727763.208;4373483.639;49;2018-03-28;00:15:04;2760;20
729961.952;4372914.3;95;2018-03-28;00:15:05;2915;60
729956.2;4373068.959;1;2018-03-27;22:45:12;2916;20
729933.74;4373226.97499999963;90;2018-03-28;00:30:12;2917;30
729828.942;4373912.97599999979;264;2018-03-28;00:30:12;2918;120
729806.272;4373689.51599999983;271;2018-02-24;03:00:18;2919;20
729763.345;4373608.649;352;2018-02-23;11:00:14;2920;1
729929.774;4373606.16199999955;0;2018-03-27;23:30:14;2921;42
729810.432;4373575.598;271;2018-03-28;00:45:10;2922;30
729895.904;4373381.955;172;2018-03-28;00:45:10;2923;60
729820.01;4373295.517;270;2018-03-28;00:30:12;2924;60
729870.376;4373068.17;1;2018-03-28;00:45:10;2925;1
729853.042;4373014.359;271;2018-03-28;00:45:10;2926;20
729773.487;4373128.23;90;2018-03-28;00:15:05;2927;8
729684.504;4373065.798;0;2018-03-27;21:45:14;2928;30
729784.082;4373069.546;0;2018-03-28;00:45:10;2929;33
729774.173;4372992.835;91;2018-03-28;00:00:02;2931;30
729850.104;4372801.8;265;2018-03-28;00:30:12;2932;40
729840.487;4372683.87299999967;266;2018-03-28;00:30:12;2933;59
729824.282;4372498.78699999955;265;2018-03-28;00:45:10;2934;20
729777.872;4372832.882;91;2018-03-28;00:45:10;2935;20
729857.654;4372556.04399999976;175;2017-09-15;09:45:15;2936;86
730025.923;4373054.829;271;2018-03-28;00:45:10;2937;40
730052.342;4372828.587;271;2018-03-28;00:45:10;2938;20
729908.418;4372834.574;3;2018-03-28;00:45:10;2939;84
729955.43;4372879.06099999975;183;2018-03-28;00:45:10;2940;82
729803.689;4371728.511;85;2018-03-28;00:45:10;3004;58
729798.572;4371838.70299999975;356;2018-03-28;00:45:10;3005;3
729817.55;4371904.28699999955;86;2018-03-28;00:45:11;3006;57
729828.901;4372019.29399999976;85;2018-03-28;00:45:11;3008;54
726278.762;4372364.16199999955;232;2018-03-28;00:45:01;205;291
726508.723;4372270.56;179;2018-03-28;00:45:01;206;41
726320.201;4372958.011;233;2015-10-16;10:45:27;227;1370
726127.979;4373002.495;314;2018-02-09;03:00:01;228;156
726637.082;4371763.67899999954;211;2018-03-28;00:15:01;301;20
726353.38;4371890.82299999986;30;2018-03-28;00:45:01;313;269
726373.311;4371806.251;120;2018-03-27;23:59:59;314;20
725563.606;4371441.326;248;2018-03-28;00:45:02;325;104
725763.995;4371575.3;210;2018-03-28;00:45:02;326;1108
726726.478;4372177.511;118;2018-03-28;00:45:02;327;84
725609.755;4371472.26;29;2018-03-28;00:45:02;328;354
725600.33;4371476.55399999954;210;2015-10-16;10:45:42;332;1153
726370.029;4371605.59499999974;210;2018-03-28;00:45:02;401;20
726466.171;4371486.09399999958;30;2018-03-28;00:45:02;402;20
726651.529;4371594.071;30;2018-03-28;00:45:02;403;41
727029.681;4371408.075;166;2017-12-12;05:00:00;428;8
726989.157;4371402.167;346;2017-12-12;05:00:00;429;17
727207.252;4371361.075;166;2018-03-28;00:30:01;430;40
727193.53;4371352.62;347;2018-03-28;00:45:02;431;82
726031.091;4370715.74799999967;167;2018-03-28;00:30:01;503;20
724568.211;4371541.14099999983;4;2018-03-28;00:45:03;742;166
724515.869;4371548.733;185;2018-03-28;00:45:03;743;81
724601.903;4371732.768;121;2018-03-28;00:45:04;803;145
724407.11;4371877.37399999984;348;2018-03-28;00:45:04;804;478
729847.874;4372358.49199999962;173;2018-03-27;23:15:06;3015;20
729799.034;4372197.689;265;2018-03-28;00:45:11;3016;56
729782.975;4372007.671;265;2018-03-28;00:45:11;3017;44
729768.038;4371832.195;265;2018-03-28;00:45:11;3018;22
730062.312;4372387.212;270;2018-03-28;00:45:11;3022;68
729176.861;4371443.53699999955;171;2018-03-28;00:45:11;3117;20
729534.775;4371321.29899999965;50;2018-03-28;00:45:11;3126;83
729433.599;4371137.355;203;2018-03-28;00:45:11;3127;207
725871.077;4373511.21;236;2018-03-28;00:45:06;1127;81
726031.357;4374075.988;156;2018-03-27;22:15:00;1128;15
725925.375;4374090.76599999983;188;2018-03-27;23:30:05;1129;20
725734.932;4374062.672;189;2018-03-28;00:00:00;1130;20
725625.548;4374043.98;189;2018-03-28;00:00:00;1131;20
725509.652;4374015.10099999979;5;2018-03-28;00:00:00;1134;20
725658.98;4374076.85;67;2018-03-28;00:45:06;1151;62
726035.682;4373822.082;246;2018-03-28;00:45:06;1152;123
725491.296;4373936.369;358;2018-03-28;00:45:06;1153;84
725570.45;4373943.968;177;2018-03-28;00:45:06;1154;104
725613.972;4373929.278;356;2018-03-28;00:45:06;1155;40
726152.713;4374396.43099999987;138;2018-03-28;00:45:07;1329;207
726734.695;4373848.88399999961;318;2015-10-16;10:45:42;1330;1473
726642.4;4373894.278;177;2018-03-28;00:15:01;1331;20
726307.118;4373900.082;357;2018-03-28;00:45:07;1332;20
726337.866;4374246.30599999987;39;2018-03-28;00:45:07;1333;30
727036.852;4374672.35699999984;160;2018-03-28;00:45:07;1335;90
726499.942;4373228.887;252;2018-03-28;00:45:07;1402;397
726566.241;4373435.336;250;2018-03-28;00:45:07;1403;125
726729.639;4373253.559;161;2018-03-28;00:45:07;1404;186
727220.712;4373085.342;161;2018-03-28;00:45:07;1404;186
726776.083;4373167.433;341;2018-03-28;00:45:07;1405;123
726814.791;4372888.82199999969;70;2018-03-28;00:45:07;1406;61
726635.467;4372809.399;124;2018-03-28;00:45:07;1408;62
729174.873;4371078.75399999972;187;2018-03-28;00:45:11;3128;165
729004.544;4371385.711;341;2018-03-28;00:45:11;3129;228
729263.29;4371294.603;341;2018-03-28;00:45:11;3130;60
729676.436;4370591.869;56;2018-03-28;00:45:11;3132;61
729627.788;4370837.305;240;2018-03-28;00:15:05;3133;20
729630.935;4370550.602;54;2018-03-27;20:00:09;3134;15
730131.431;4372181.389;92;2018-03-28;00:45:11;3201;187
730115.166;4372283.795;181;2018-03-28;00:15:05;3202;20
728170.753;4372899.121;254;2018-03-28;00:45:08;2004;187
728201.594;4373007.059;254;2018-03-28;00:45:08;2005;111
726881.401;4370720.39599999972;300;2018-03-28;00:45:09;2212;62
726930.741;4370461.927;211;2018-03-28;00:45:09;2213;145
727145.929;4370931.815;30;2018-03-28;00:45:09;2223;20
727101.344;4370925.69799999986;210;2018-03-28;00:45:09;2224;20
727101.344;4370925.69799999986;210;2018-03-28;00:45:09;2224;20
726959.827;4370819.761;30;2018-03-28;00:45:09;2225;20
726959.827;4370819.761;30;2018-03-28;00:45:09;2225;20
726842.218;4370819.48199999984;120;2018-03-28;00:30:08;2230;42
726288.566;4369888.87799999956;300;2018-03-28;00:45:09;2232;228
726350.789;4369837.03299999982;120;2018-03-28;00:45:09;2233;84
726350.789;4369837.03299999982;120;2018-03-28;00:45:09;2233;84
726674.768;4370309.86099999957;211;2018-03-28;00:45:09;2234;249
726674.768;4370309.86099999957;211;2018-03-28;00:45:09;2234;249
726338.913;4369830.154;120;2018-03-28;00:45:09;2235;186
726098.114;4370213.616;300;2018-03-28;00:45:09;2236;374
726106.649;4370231.132;120;2018-03-28;00:45:09;2237;270
726090.0;4370316.983;30;2018-03-28;00:45:09;2238;20
726147.267;4370370.386;210;2018-03-28;00:30:08;2239;42
726184.218;4370371.008;30;2018-03-28;00:45:09;2240;20
726228.946;4370417.496;210;2018-03-28;00:30:08;2241;40
726386.352;4370486.439;30;2018-03-28;00:45:09;2244;20
726496.438;4370569.131;210;2018-03-28;00:45:09;2245;82
730131.614;4372289.30399999954;91;2018-03-28;00:45:11;3203;146
730125.861;4372398.483;92;2018-03-28;00:45:11;3204;103
730124.17;4372487.154;90;2018-03-28;00:45:11;3205;124
730096.403;4372545.608;0;2018-03-27;23:30:14;3206;20
730140.055;4372554.761;90;2018-03-28;00:45:11;3207;82
730113.461;4372877.49799999967;90;2018-03-28;00:45:11;3208;62
730090.467;4373112.586;272;2017-10-17;03:00:21;3209;2
730106.842;4373144.904;90;2018-03-28;00:45:11;3210;42
726316.134;4370629.12;347;2018-03-28;00:45:09;2252;83
723819.977;4370942.011;319;2018-03-28;00:15:03;2440;40
725039.101;4372477.91899999976;8;2018-03-28;00:45:10;2535;90
725132.415;4371944.36799999978;121;2018-03-28;00:45:10;2536;186
725074.547;4373384.92399999965;121;2018-03-28;00:45:10;2537;125
724974.899;4373270.1;35;2018-03-28;00:45:10;2538;62
724598.708;4374522.264;69;2018-03-28;00:30:10;2605;42
724469.278;4374444.62399999984;328;2018-03-28;00:30:10;2606;20
724522.46;4374391.195;315;2018-03-28;00:15:04;2607;42
724466.007;4374293.071;130;2018-03-28;00:45:10;2610;103
724148.581;4374582.43599999975;59;2018-03-28;00:00:01;2611;42
724084.707;4374684.36799999978;221;2018-03-28;00:45:10;2613;20
723922.351;4374771.95199999958;225;2018-03-28;00:00:01;2615;20
723889.586;4374932.734;41;2018-03-28;00:45:10;2616;62
723770.492;4374979.721;221;2018-03-28;00:45:10;2619;20
724269.159;4374525.53199999966;130;2018-03-28;00:45:10;2622;20
724098.395;4374726.09399999958;131;2018-03-28;00:45:10;2623;61
727269.384;4373838.497;254;2018-03-28;00:00:01;2735;20
727236.886;4373772.319;161;2018-03-28;00:45:10;2736;104
727072.201;4374534.06099999975;71;2018-03-28;00:45:10;2737;60
726879.421;4373720.03799999971;317;2018-03-28;00:45:10;2739;353
726687.684;4373437.439;71;2018-03-28;00:45:10;2740;124
726843.466;4373761.921;318;2018-03-28;00:15:04;2741;20
727719.962;4373976.536;283;2018-03-28;00:45:10;2745;312
727719.962;4373976.536;283;2018-03-28;00:45:10;2745;312
727687.269;4374187.87899999972;103;2018-03-28;00:45:10;2746;470
727597.79;4374373.57799999975;302;2018-03-28;00:45:10;2747;314
727597.79;4374373.57799999975;302;2018-03-28;00:45:10;2747;314
727988.581;4373695.28799999971;41;2015-10-16;10:45:42;2751;2426
728085.639;4373787.622;44;2018-03-27;23:45:10;2752;20
727581.403;4373322.24;64;2015-10-16;10:45:42;2753;814
727587.911;4373357.96;239;2015-10-16;10:45:42;2754;1723
729355.75;4372985.514;263;2018-03-28;00:45:10;2801;81
729296.183;4372498.615;263;2018-03-28;00:45:10;2802;207
729315.065;4372528.805;83;2018-03-28;00:45:10;2803;186
729337.342;4372628.76;349;2018-03-27;23:30:13;2804;20
729333.493;4372676.459;83;2018-03-28;00:45:10;2805;250
729326.148;4372744.10599999968;263;2018-03-28;00:45:10;2806;104
729359.721;4372904.972;83;2018-03-28;00:45:10;2807;207
729796.99;4372009.735;177;2017-08-28;16:30:22;3009;43
729929.504;4372073.805;356;2018-03-28;00:45:11;3010;30
730082.141;4373316.763;273;2017-12-27;07:15:40;3211;16
730095.484;4373399.87299999967;93;2018-03-28;00:45:11;3212;62
730067.05;4373605.051;273;2017-12-27;07:15:41;3213;21
729249.892;4372086.547;265;2018-03-28;00:45:11;3301;166
729238.153;4371977.188;261;2018-03-28;00:45:11;3302;186
729261.475;4372055.91399999987;85;2018-03-28;00:45:11;3303;229
729242.277;4371904.059;81;2018-03-28;00:45:11;3304;312
729189.822;4371728.305;66;2018-03-28;00:45:11;3306;417
729110.847;4371598.68499999959;239;2018-03-28;00:45:11;3308;270
729046.413;4371483.224;58;2018-03-28;00:45:11;3309;312
728997.826;4371426.978;48;2018-03-28;00:45:11;3310;165
728996.992;4371447.47499999963;228;2018-03-28;00:45:11;3311;187
729272.962;4372191.389;84;2018-03-28;00:45:11;3312;228
723121.979;4371824.273;276;2018-03-27;23:00:09;3504;20
723142.206;4371574.39;276;2018-03-28;00:45:11;3505;188
723022.453;4371581.028;7;2018-03-28;00:15:06;3506;20
723202.993;4371340.802;297;2018-03-28;00:45:11;3507;269
723213.23;4371347.06699999981;297;2018-03-27;22:00:12;3508;17
723333.913;4371084.16899999976;297;2018-03-28;00:45:11;3509;250
723347.668;4371084.496;297;2018-03-27;22:00:12;3510;34
723406.958;4370938.99799999967;297;2018-03-28;00:45:11;3511;290
723363.137;4371090.75399999972;117;2018-03-28;00:45:11;3512;291
723475.473;4371099.781;185;2018-03-28;00:45:11;3513;20
723282.376;4371217.371;117;2018-03-27;21:45:15;3514;17
723210.107;4371514.473;96;2018-03-28;00:45:11;3515;208
723201.213;4371515.922;96;2018-03-27;22:15:08;3516;20
723185.565;4371743.178;97;2018-03-28;00:45:11;3517;208
723261.105;4371659.957;169;2018-03-27;23:00:09;3518;20
723241.621;4371821.709;171;2018-03-28;00:45:11;3519;83
723162.823;4371864.825;98;2018-03-28;00:45:11;3520;291
727003.48;4371582.092;290;2018-03-28;00:45:02;411;82
727039.464;4371537.188;109;2018-03-28;00:45:02;412;104
726867.34;4371919.81099999975;117;2018-03-28;00:45:02;413;81
727074.745;4371501.632;18;2018-03-28;00:45:02;415;164
727230.951;4371147.886;303;2018-03-28;00:45:02;416;82
727100.625;4371329.17499999981;300;2018-03-28;00:45:02;417;124
726803.448;4371236.031;151;2018-03-28;00:45:02;422;20
726749.178;4371328.335;31;2018-03-28;00:45:02;423;312
726943.661;4371454.488;211;2018-03-28;00:45:02;424;187
726745.554;4371337.00899999961;210;2018-03-28;00:45:02;426;271
727039.635;4371083.052;299;2018-03-28;00:45:02;427;83
726637.061;4371164.625;121;2018-03-28;00:45:02;517;40
725711.209;4370918.962;126;2018-03-28;00:45:02;518;166
725861.022;4370811.49799999967;30;2018-03-28;00:45:02;529;396
726059.263;4370926.773;29;2018-03-28;00:45:02;530;354
725541.158;4371142.847;300;2018-03-28;00:45:02;531;124
725605.006;4371090.371;120;2018-03-28;00:45:03;532;144
725018.687;4370998.165;300;2017-11-23;03:00:14;604;62
724895.026;4371234.65799999982;121;2017-12-01;12:15:18;605;1770
724888.0;4371450.928;239;2018-03-28;00:45:03;606;289
724736.172;4371476.716;301;2018-03-28;00:45:03;607;333
725175.957;4371205.07799999975;80;2018-03-28;00:45:03;618;82
725050.862;4371510.204;158;2018-03-28;00:45:03;619;62
724752.437;4371235.659;238;2018-03-28;00:45:03;620;209
724158.67;4371520.353;185;2018-03-28;00:45:03;701;145
723618.649;4371388.71899999958;93;2018-03-28;00:30:01;708;20
723594.449;4371565.979;275;2018-03-27;23:30:03;709;20
723688.037;4371481.53799999971;185;2018-03-28;00:45:03;710;123
723735.498;4371473.13499999978;5;2018-03-28;00:45:03;711;20
724325.036;4371772.72;155;2018-03-28;00:45:03;712;83
723776.959;4371254.44;132;2018-03-28;00:15:01;722;20
723608.914;4371497.94199999981;95;2018-03-28;00:45:03;731;84
723282.794;4371436.063;5;2018-03-28;00:45:03;737;61
723371.095;4371521.432;275;2018-03-27;23:45:01;738;20
724222.687;4371512.966;5;2018-03-28;00:45:03;739;103
724325.352;4371533.239;185;2018-03-28;00:45:03;740;104
724066.608;4371499.65799999982;4;2018-03-28;00:45:03;741;313
724193.604;4372666.92;189;2018-03-28;00:45:04;814;147
724049.11;4372662.605;120;2018-03-28;00:45:04;815;229
724283.868;4371860.50399999972;245;2018-03-28;00:45:04;816;188
724024.5;4372749.01599999983;31;2018-03-28;00:45:04;817;62
724248.779;4371793.382;232;2018-03-28;00:45:04;818;194
723994.253;4372754.16899999976;121;2018-03-28;00:45:04;819;291
724618.644;4371438.446;59;2018-03-28;00:45:04;820;62
724140.129;4372483.525;301;2018-03-28;00:45:04;821;270
724614.929;4371696.142;301;2018-03-28;00:45:04;822;83
724576.938;4371842.206;348;2018-03-28;00:45:04;824;271
724447.654;4372701.212;194;2018-03-28;00:45:04;825;90
724355.358;4372008.278;244;2018-03-28;00:45:04;826;259
724148.96;4372495.457;121;2018-03-28;00:45:04;827;196
724078.024;4372588.325;300;2018-03-28;00:45:04;828;303
724711.52;4371602.00399999972;59;2018-03-28;00:45:04;829;21
729547.475;4373492.071;172;2018-03-28;00:45:10;2812;20
729482.41;4373901.792;261;2018-03-28;00:45:10;2813;40
729619.923;4373898.909;171;2018-03-28;00:45:10;2815;20
729264.053;4372257.138;265;2018-03-28;00:45:10;2816;165
728641.802;4373272.68599999975;341;2018-03-28;00:45:10;2817;124
728794.462;4373221.205;341;2018-03-28;00:45:10;2818;186
728971.246;4373159.91;341;2018-03-28;00:45:10;2819;165
729544.264;4372995.926;161;2018-03-28;00:45:10;2824;146
722878.222;4372104.90199999977;4;2018-03-28;00:45:05;930;312
722910.316;4372146.312;189;2018-03-28;00:45:05;933;146
724289.535;4373322.60699999984;300;2018-03-28;00:45:05;1001;411
724397.258;4373144.428;301;2018-03-28;00:45:05;1002;250
724422.279;4374011.22599999979;72;2018-03-28;00:45:05;1003;20
724306.756;4373705.187;250;2018-03-28;00:45:05;1004;82
724300.531;4374155.30599999987;210;2018-03-28;00:45:05;1005;62
724919.459;4373641.979;300;2018-03-28;00:45:05;1006;20
724295.129;4374125.638;32;2018-03-28;00:30:02;1007;20
724292.914;4374134.079;32;2018-03-28;00:45:05;1008;229
724543.619;4374134.926;332;2018-03-28;00:45:05;1010;62
724608.038;4374130.58299999963;131;2018-03-28;00:45:05;1011;68
724542.543;4374261.44699999969;18;2018-03-28;00:45:05;1014;145
724612.436;4374297.508;198;2018-03-28;00:45:05;1015;41
724992.157;4373780.40799999982;140;2018-03-28;00:45:05;1016;209
724304.841;4374149.688;211;2018-03-28;00:45:05;1017;209
725069.486;4373544.115;30;2018-03-28;00:45:05;1023;62
725160.038;4373615.12299999967;209;2018-03-28;00:45:05;1024;41
725278.011;4373651.39499999955;193;2018-03-28;00:45:05;1026;562
724526.705;4373213.224;23;2018-03-28;00:45:05;1028;20
724736.87;4374322.774;17;2018-03-28;00:45:05;1029;83
724841.198;4374354.15799999982;18;2018-03-28;00:45:05;1030;125
724848.652;4374376.36199999973;197;2018-03-28;00:45:05;1031;41
724755.087;4374341.3;199;2018-03-28;00:45:05;1033;41
729834.998;4372098.37399999984;90;2018-03-28;00:45:11;3011;33
729823.751;4372083.56;177;2017-11-23;03:00:30;3012;22
729843.906;4372218.717;85;2018-03-28;00:45:11;3013;42
729850.797;4372307.1;86;2018-03-28;00:45:11;3014;16
729443.986;4371276.14;48;2018-03-28;00:30:12;3123;20
729200.616;4371793.28799999971;252;2018-03-28;00:45:11;3305;249
722806.802;4371394.298;185;2018-03-28;00:15:06;3523;20
722814.895;4371431.40799999982;277;2018-03-28;00:00:03;3524;20
726782.184;4374049.963;250;2018-03-28;00:45:07;1303;82
726193.658;4373698.73099999968;71;2018-03-28;00:45:07;1304;42
726461.094;4374115.967;138;2018-03-28;00:45:07;1305;333
726807.129;4374119.24;250;2018-03-28;00:45:07;1306;60
726625.057;4373947.684;319;2018-03-28;00:45:07;1307;228
726161.892;4373603.904;71;2018-03-28;00:45:07;1308;83
726062.297;4374445.41199999955;250;2018-03-28;00:45:07;1310;20
726103.939;4373436.85099999979;62;2018-03-28;00:45:07;1311;103
726343.294;4374090.699;72;2018-03-28;00:45:07;1312;40
726309.673;4374087.495;165;2018-03-28;00:45:07;1313;41
726832.44;4374187.508;250;2018-03-28;00:45:07;1315;90
726644.881;4373965.238;341;2018-03-28;00:45:07;1316;20
726799.163;4372882.074;162;2018-03-28;00:30:03;1409;20
726760.99;4372731.767;72;2018-03-28;00:45:07;1410;103
726571.115;4372824.313;124;2018-03-28;00:45:07;1411;271
727197.232;4373431.113;318;2018-03-28;00:45:07;1413;229
727242.615;4373005.11;342;2018-03-28;00:45:07;1415;82
726285.616;4373093.98099999968;143;2018-03-28;00:45:07;1416;689
727652.995;4372908.189;161;2018-03-28;00:45:07;1417;353
727495.671;4373125.09499999974;252;2018-03-28;00:45:07;1418;480
727350.465;4373293.01;318;2018-03-28;00:45:07;1419;228
727493.636;4373074.581;71;2018-03-28;00:45:07;1421;334
727237.261;4373414.17499999981;140;2018-03-28;00:45:07;1422;124
726956.882;4372246.81699999981;123;2018-03-28;00:45:07;1503;271
722642.88;4371360.305;5;2018-03-28;00:45:11;3525;112
722911.075;4371381.803;5;2018-03-28;00:45:11;3526;22
722426.048;4371368.82799999975;186;2018-03-28;00:45:11;3527;1
722401.13;4371361.22;186;2018-03-28;00:15:06;3528;20
722427.927;4371360.43599999975;186;2018-03-28;00:15:06;3529;42
722806.802;4371394.298;185;2018-03-27;23:45:12;3530;20
723640.9;4373323.138;301;2018-03-28;00:45:11;3601;123
723826.701;4373007.193;300;2018-03-28;00:45:11;3602;206
728589.125;4372413.57;71;2018-03-28;00:15:02;1804;42
728517.702;4372205.52;71;2018-03-28;00:30:06;1805;62
728296.357;4372707.96899999958;161;2018-03-28;00:45:08;1806;174
729131.844;4372352.19799999986;341;2018-03-28;00:45:08;1807;124
728686.224;4372059.196;342;2018-03-28;00:45:08;1808;60
728919.478;4372098.92499999981;71;2018-03-28;00:45:08;1814;30
728924.128;4372146.48099999968;250;2018-03-28;00:45:08;1815;30
729005.244;4372382.36799999978;251;2018-03-27;23:45:05;1816;42
728956.711;4372202.31;71;2018-03-28;00:45:08;1817;41
728849.494;4372313.241;160;2018-03-28;00:00:00;1818;20
728865.461;4371929.00899999961;71;2018-03-28;00:45:08;1819;90
724685.081;4371002.449;244;2018-03-28;00:45:08;1902;164
724307.784;4370229.898;244;2018-03-28;00:45:08;1903;112
724258.83;4370110.926;64;2018-03-28;00:45:08;1904;20
724993.881;4369964.48199999984;263;2018-03-28;00:45:08;1908;187
725024.424;4370150.798;82;2018-03-28;00:45:08;1909;92
725058.372;4370423.96399999969;82;2018-03-28;00:45:08;1910;112
724466.83;4370536.728;64;2018-03-28;00:45:08;1911;80
724467.796;4370558.70199999958;244;2018-03-28;00:45:08;1912;82
724709.304;4370710.825;199;2018-03-28;00:15:02;1913;20
724723.961;4370707.20299999975;19;2018-03-28;00:30:06;1914;20
724896.722;4371064.23099999968;240;2018-03-28;00:45:08;1920;62
728205.796;4372944.916;74;2018-03-28;00:45:08;2001;42
728300.481;4372885.66;161;2018-03-28;00:45:08;2002;42
723915.629;4372858.89599999972;301;2018-03-28;00:45:11;3603;228
723527.35;4372755.576;196;2018-03-28;00:45:11;3605;84
723120.033;4372640.001;281;2018-03-28;00:45:11;3606;355
723943.593;4373186.046;301;2018-03-28;00:45:11;3617;30
723920.764;4373248.883;31;2018-03-28;00:45:12;3618;30
723816.956;4373056.228;121;2018-03-28;00:45:12;3627;249
724110.021;4373110.704;251;2018-03-28;00:45:12;3628;61
724021.607;4372949.28;30;2018-03-28;00:45:12;3629;42
727734.989;4371366.139;254;2018-03-28;00:45:09;2129;123
727717.579;4371441.52;159;2018-03-28;00:45:09;2130;271
727521.622;4371518.318;159;2018-03-28;00:45:09;2131;269
727075.356;4370522.761;31;2018-03-28;00:45:09;2210;271
727003.476;4370543.66199999955;120;2018-03-28;00:45:09;2211;168
726582.992;4370601.584;30;2018-03-28;00:45:09;2246;104
726229.022;4370669.264;167;2018-03-28;00:30:09;2251;40
727665.174;4370597.93;146;2018-03-28;00:45:09;2256;187
727475.463;4370819.603;124;2018-03-28;00:45:09;2257;145
727381.164;4370872.002;305;2018-03-28;00:45:09;2258;123
726770.178;4370906.298;300;2015-10-16;10:45:08;2259;271
726770.178;4370906.298;300;2015-10-16;10:45:08;2259;271
725860.166;4370145.882;300;2018-03-27;23:45:07;2307;40
725850.389;4370176.591;120;2018-03-28;00:45:09;2308;90
725791.686;4370266.818;300;2018-03-28;00:45:09;2309;30
725805.219;4370284.79399999976;30;2018-03-28;00:45:10;2310;60
725756.74;4370333.439;120;2018-03-28;00:45:10;2311;150
725741.179;4370294.729;176;2018-03-28;00:45:10;2312;60
725692.076;4370478.985;30;2018-03-28;00:45:10;2313;120
725668.978;4370482.159;120;2018-03-28;00:45:10;2314;120
725625.658;4370556.642;120;2018-03-28;00:45:10;2315;82
725583.508;4370601.303;300;2018-03-27;22:45:09;2316;20
725593.93;4370545.403;261;2018-03-28;00:00:01;2317;20
725590.825;4370455.296;10;2018-03-28;00:00:01;2318;60
724159.202;4373223.825;72;2018-03-28;00:45:12;3631;41
724112.727;4373621.62899999972;301;2018-03-28;00:45:12;3632;229
723916.813;4372872.75299999956;121;2018-03-28;00:45:12;3635;62
726219.296;4375746.575;242;2015-10-16;10:45:25;3701;549
726213.55;4375725.33;62;2015-10-16;10:45:25;3702;519
725900.239;4374851.793;66;2015-10-16;10:45:27;3703;486
723699.836;4374317.41299999971;121;2018-03-28;00:45:12;3809;271
723537.548;4375013.206;211;2018-03-28;00:45:12;3810;165
724063.64;4370928.541;311;2018-03-28;00:45:10;2435;114
723933.881;4371009.4;222;2018-03-28;00:45:10;2436;6
723907.185;4370961.211;49;2018-03-28;00:45:10;2437;40
723842.895;4370968.639;139;2018-03-28;00:45:10;2439;42
723832.605;4370873.477;49;2018-03-28;00:15:03;2441;84
723888.031;4370882.687;319;2018-03-28;00:45:10;2442;20
723926.562;4370896.03199999966;139;2018-03-28;00:45:10;2443;50
723985.859;4370765.275;318;2018-03-28;00:45:10;2444;22
724043.209;4370752.35099999979;104;2018-03-28;00:45:10;2445;50
723936.011;4370763.678;227;2018-03-28;00:30:10;2446;20
723773.524;4370530.819;318;2018-03-27;23:45:08;2447;40
723948.951;4370721.977;318;2018-03-27;22:45:10;2448;20
725223.065;4371797.213;121;2018-03-28;00:45:10;2501;186
725216.652;4371794.3;121;2018-03-28;00:45:10;2502;61
725012.682;4372146.961;121;2018-03-28;00:45:10;2503;334
724799.223;4372510.267;121;2018-03-28;00:45:10;2504;355
724586.986;4372869.40099999961;121;2018-03-28;00:45:10;2505;250
724483.44;4373029.684;121;2018-03-28;00:45:10;2506;207
724532.58;4372904.167;301;2018-03-28;00:45:10;2509;291
724740.549;4372550.813;301;2018-03-28;00:45:10;2510;375
724846.557;4372367.84;301;2018-03-28;00:45:10;2511;333
725126.397;4371832.403;238;2018-03-28;00:45:10;2512;354
725114.023;4371733.93;349;2018-03-28;00:45:10;2513;206
725023.256;4372658.1;97;2018-03-28;00:45:10;2519;459
723583.591;4374990.745;301;2018-03-28;00:45:12;3811;60
723295.598;4375024.494;121;2018-03-28;00:45:12;3812;606
723461.076;4374642.114;211;2018-03-28;00:15:07;3813;20
723541.84;4374688.325;31;2018-03-28;00:00:03;3814;42
723686.636;4374776.73599999957;211;2018-03-27;22:15:09;3815;15
723721.554;4374768.684;310;2018-03-28;00:45:12;3816;40
723873.106;4374556.025;210;2018-03-28;00:45:12;3817;20
723922.972;4374531.565;310;2018-03-28;00:45:12;3818;103
727259.771;4373750.599;341;2018-03-28;00:45:10;2733;20
727305.343;4373750.97499999963;161;2018-03-28;00:45:10;2734;84
727708.177;4373971.858;283;2018-03-27;22:15:05;2761;30
727588.903;4374366.32699999958;302;2018-03-28;00:30:11;2762;18
729389.892;4373138.534;83;2018-03-28;00:45:10;2808;229
729420.071;4373389.456;83;2018-03-28;00:45:10;2809;188
729396.468;4373330.785;263;2018-03-28;00:45:10;2810;83
729434.21;4373520.099;81;2018-03-28;00:45:10;2811;209
729323.541;4373070.547;161;2018-03-28;00:45:10;2820;207
729516.177;4372976.114;341;2018-03-28;00:45:10;2823;82
729542.594;4372582.933;345;2018-03-28;00:45:10;2901;20
729810.23;4372558.905;175;2018-03-28;00:30:12;2902;20
729837.116;4372553.68099999987;355;2017-09-15;09:45:15;2903;75
729890.327;4372546.966;355;2018-03-27;23:00:07;2904;42
730040.862;4372543.92399999965;181;2018-03-27;23:00:07;2905;20
730078.059;4372544.301;1;2018-03-27;23:15:05;2906;20
729873.586;4372562.01499999966;85;2018-03-28;00:15:05;2907;20
729885.21;4372705.95799999963;86;2018-03-28;00:45:10;2908;42
729854.553;4372699.422;176;2017-09-08;10:31:52;2909;14
730009.924;4373601.41899999976;270;2018-03-28;00:45:10;2910;104
730022.603;4373131.547;271;2018-03-28;00:45:10;2911;20
730053.501;4372747.847;271;2018-03-28;00:45:10;2912;20
730059.859;4372537.40099999961;271;2018-03-28;00:45:10;2913;95
730060.066;4372477.46899999958;271;2018-03-28;00:45:10;2914;83
723724.476;4374446.61;30;2018-03-28;00:45:12;3819;40
723582.09;4374381.659;211;2018-03-28;00:15:07;3820;62
722939.792;4374621.149;31;2018-03-28;00:45:12;3821;146
723218.148;4374028.39;301;2018-03-28;00:45:12;3822;123
723118.572;4374222.01599999983;121;2018-03-28;00:45:12;3823;212
722904.796;4374521.571;301;2018-03-28;00:45:12;3824;125
723099.955;4374131.83;210;2018-03-28;00:45:12;3826;42
723077.38;4374132.632;329;2018-03-28;00:45:12;3827;42
730032.046;4372280.34399999958;182;2018-03-28;00:45:11;3023;1
730066.648;4372277.31;270;2018-03-28;00:45:11;3024;66
730072.775;4372165.45799999963;270;2018-03-28;00:45:11;3025;68
730143.772;4371868.62299999967;97;2018-03-28;00:45:11;3026;92
730129.883;4371881.77199999988;277;2018-03-28;00:45:11;3027;84
730037.302;4372067.37399999984;176;2018-03-28;00:45:11;3028;36
729793.497;4372080.93099999987;357;2017-09-27;03:00:28;3029;14
729735.623;4372088.11699999962;177;2017-09-22;03:00:26;3030;24
729680.181;4372085.97599999979;357;2017-09-22;03:00:26;3031;18
729642.889;4372145.52099999972;263;2017-09-15;09:45:15;3032;60
729629.219;4372092.90699999966;177;2017-09-22;03:00:26;3033;27
729562.025;4372095.103;357;2017-09-22;03:00:26;3034;36
729467.187;4372098.722;357;2017-09-27;03:00:28;3035;22
729483.151;4372103.803;177;2017-10-02;00:30:29;3036;47
729487.402;4372219.64499999955;259;2017-09-15;09:45:15;3038;22
729816.872;4372213.51499999966;171;2017-08-30;16:00:53;3039;13
729877.72;4371903.47;83;2018-03-27;20:00:08;3041;20
729875.559;4372005.041;173;2018-03-28;00:45:11;3042;3
730146.434;4371640.31599999964;88;2018-03-28;00:45:11;3043;159
729997.462;4371589.014;182;2018-03-28;00:45:11;3044;57
729849.706;4371567.326;10;2018-03-28;00:45:11;3045;47
729631.135;4370870.468;124;2018-03-28;00:45:11;3104;20
729544.365;4371343.979;230;2018-03-28;00:45:11;3105;187
729225.656;4371429.99899999984;261;2018-03-28;00:15:05;3116;20
728166.108;4371256.121;251;2018-03-28;00:45:12;3909;41
728095.359;4370638.263;43;2018-03-28;00:45:12;3935;82
724516.145;4375542.14599999972;130;2018-03-28;00:45:12;4001;520
724881.008;4375207.309;288;2018-03-28;00:45:12;4002;208
724953.822;4375030.029;108;2018-03-28;00:45:12;4003;92
724949.141;4374992.991;288;2018-03-28;00:45:12;4004;165
725020.605;4374817.44799999986;108;2018-03-28;00:45:12;4005;84
725024.714;4374760.011;288;2018-03-28;00:45:12;4006;61
729170.329;4371608.34499999974;353;2018-03-28;00:30:12;3313;20
729264.843;4371590.69799999986;341;2018-03-28;00:45:11;3314;42
729250.927;4371583.696;261;2018-03-28;00:15:06;3315;20
729390.473;4371571.139;353;2018-03-28;00:45:11;3316;62
729382.121;4371542.376;267;2018-03-28;00:45:11;3317;41
729478.617;4371558.165;350;2018-03-28;00:45:11;3318;20
729579.954;4371544.83299999963;359;2018-03-28;00:30:12;3319;20
729571.077;4371562.598;86;2018-03-28;00:45:11;3320;20
729683.633;4371534.70299999975;38;2018-03-28;00:30:12;3321;42
729720.386;4371634.805;177;2018-03-28;00:45:11;3322;20
729786.609;4371628.869;177;2018-03-28;00:30:13;3323;42
729798.512;4371668.263;86;2018-03-28;00:45:11;3324;103
727961.218;4370234.967;310;2015-10-16;10:45:42;3402;509
727490.305;4370709.784;302;2015-10-16;10:45:42;3403;951
727650.732;4370294.088;30;2015-10-16;10:45:42;3404;1574
727660.617;4370334.74799999967;210;2015-10-16;10:45:42;3405;2225
727234.646;4370084.096;211;2018-03-28;00:45:11;3406;416
727090.087;4369963.205;31;2018-03-28;00:45:11;3407;103
728207.719;4370322.46899999958;162;2018-03-28;00:45:11;3408;61
728198.31;4370313.73;343;2017-09-15;09:45:15;3409;254
727958.071;4370545.937;223;2018-03-28;00:45:11;3411;333
723101.746;4371958.031;258;2018-03-28;00:45:11;3501;123
723119.509;4371993.19099999964;258;2018-03-27;22:45:15;3502;20
723112.975;4371818.394;276;2018-03-28;00:45:11;3503;145
724882.437;4369502.551;255;2018-03-28;00:45:12;4107;250
724935.777;4369678.50499999989;75;2018-03-28;00:45:12;4108;62
724864.826;4369417.488;75;2018-03-28;00:45:12;4109;40
724761.271;4369726.76;4;2015-10-16;10:45:38;4115;64
724442.258;4369105.097;6;2015-10-16;10:45:38;4116;1042
724464.161;4369117.156;184;2015-10-16;10:45:38;4117;686
724322.423;4369845.712;240;2018-03-28;00:45:12;4121;20
725058.984;4369548.852;165;2015-10-16;10:45:43;4122;1143
723152.917;4371863.801;98;2018-03-27;22:00:12;3521;15
723077.386;4371421.051;185;2018-03-28;00:45:11;3522;40
723708.654;4373135.97599999979;211;2018-03-28;00:30:13;3621;20
723604.34;4373100.267;179;2018-03-28;00:30:13;3622;20
723414.698;4373103.571;179;2015-03-31;06:00:11;3623;21
723087.947;4372848.514;281;2018-03-27;21:30:15;3624;15
723082.815;4372817.587;281;2018-03-28;00:45:12;3625;229
723272.63;4372699.768;196;2018-03-28;00:45:12;3626;100
726273.459;4375908.553;255;2015-10-16;10:45:27;3704;524
725962.772;4375119.574;255;2018-03-28;00:45:12;3705;30
725984.775;4374962.28799999971;51;2018-03-28;00:45:12;3706;210
723520.631;4374696.332;121;2018-03-28;00:45:12;3801;82
723498.923;4374682.096;121;2018-03-28;00:45:12;3802;501
723482.407;4374631.632;301;2018-03-28;00:45:12;3803;82
723496.192;4374657.085;301;2018-03-28;00:45:12;3804;122
723437.2;4374918.451;31;2018-03-28;00:45:12;3805;82
723359.073;4374964.984;121;2018-03-28;00:45:12;3806;42
723304.401;4374871.882;211;2018-03-28;00:45:12;3807;146
723657.178;4374339.28799999971;301;2018-03-28;00:45:12;3808;20
723219.156;4374148.459;31;2018-03-28;00:45:12;3825;124
723801.234;4374107.97599999979;301;2015-10-16;10:45:35;3828;693
723905.04;4373972.638;301;2015-10-16;10:45:35;3829;2146
723926.399;4373963.17499999981;121;2015-10-16;10:45:35;3830;1803
723119.207;4375293.665;301;2018-03-28;00:45:12;3831;397
724307.581;4374258.06599999964;321;2018-03-28;00:15:07;3832;20
727920.974;4371190.137;166;2018-03-28;00:45:12;3901;61
724038.035;4370036.871;317;2015-10-16;10:45:42;4123;1109
726544.701;4374388.43;38;2018-03-28;00:45:12;4201;90
727095.792;4374876.559;218;2018-03-28;00:45:12;4202;180
726498.846;4374408.49799999967;218;2018-03-28;00:45:12;4203;30
727041.851;4374798.96499999985;38;2018-03-28;00:45:12;4204;150
726373.479;4374294.12799999956;219;2018-03-28;00:45:12;4205;123
726408.73;4374702.40699999966;138;2018-03-28;00:30:14;4206;20
726473.071;4374723.239;48;2018-03-27;22:45:18;4207;20
724697.694;4374729.27099999972;157;2018-03-28;00:45:12;4007;30
724672.767;4374732.216;337;2018-03-28;00:30:14;4008;30
724495.307;4374815.649;157;2018-03-28;00:45:12;4009;30
724472.591;4374818.22599999979;337;2018-03-28;00:30:14;4010;30
724575.831;4374786.61;69;2018-03-28;00:00:04;4011;60
724427.11;4374955.946;40;2018-03-28;00:45:12;4012;89
724522.421;4375075.65099999961;220;2018-03-28;00:45:12;4013;88
724727.824;4374821.81099999975;108;2018-03-27;23:45:13;4014;59
724716.76;4374839.406;288;2018-03-27;23:45:13;4015;30
724802.504;4374973.273;0;2018-03-28;00:45:12;4016;61
724585.896;4375089.47499999963;40;2018-03-28;00:45:12;4017;18
724632.702;4375378.575;310;2018-03-28;00:45:12;4018;506
724183.949;4375080.584;130;2018-03-28;00:00:05;4019;30
724124.551;4375139.23199999984;310;2018-03-28;00:45:12;4020;59
724127.159;4375207.7;39;2018-03-27;23:45:13;4021;59
724300.269;4375364.121;219;2018-03-28;00:45:12;4022;30
724341.25;4375384.65199999977;39;2018-03-28;00:00:05;4023;18
724478.237;4375508.886;219;2018-03-28;00:45:12;4024;60
724112.392;4369990.887;137;2018-03-28;00:45:12;4101;144
724273.197;4369840.22599999979;137;2018-03-28;00:45:12;4102;145
724434.486;4369699.318;345;2018-03-28;00:45:12;4103;164
724505.504;4369697.18499999959;165;2018-03-28;00:45:12;4104;165
724685.409;4369632.536;345;2018-03-28;00:45:12;4105;187
724868.597;4369598.343;165;2018-03-28;00:45:12;4106;101
726345.088;4374741.707;322;2018-03-27;23:45:13;4208;20
726358.576;4374783.53;48;2018-03-28;00:15:07;4209;20
726317.623;4374753.756;228;2018-03-28;00:30:14;4210;20
726311.972;4374785.264;138;2018-03-28;00:45:12;4211;60
726412.866;4374843.17899999954;54;2018-03-27;22:30:11;4212;30
726408.863;4374824.37399999984;318;2018-03-28;00:15:07;4213;20
726315.684;4369556.33299999963;211;2018-03-28;00:45:12;4301;120
726233.143;4369466.463;31;2018-03-28;00:45:12;4302;144
723997.193;4372952.47499999963;210;2018-03-28;00:45:11;3604;228
724153.831;4373247.11799999978;252;2018-03-28;00:45:11;3607;103
724108.803;4373008.967;210;2018-03-28;00:45:11;3608;103
723141.661;4372700.507;101;2018-03-28;00:45:11;3609;207
723102.389;4372851.302;101;2017-09-15;09:45:16;3610;1
723097.948;4372928.631;101;2018-03-28;00:45:11;3611;185
723422.16;4373075.262;286;2018-03-28;00:30:13;3612;20
723437.82;4373093.261;359;2018-03-28;00:45:11;3613;60
723635.799;4373090.77599999961;21;2018-03-28;00:45:11;3614;62
723755.117;4373130.234;301;2018-03-28;00:45:11;3615;228
723773.022;4373161.94199999981;31;2018-03-28;00:45:11;3616;20
723865.289;4373308.281;302;2018-03-28;00:15:06;3619;20
723865.289;4373308.281;302;2018-03-28;00:15:06;3619;20
723898.613;4373248.383;211;2018-03-28;00:45:12;3620;40
723708.654;4373135.97599999979;211;2018-03-28;00:30:13;3621;20
727975.526;4370913.148;320;2018-03-28;00:45:12;3902;103
728454.115;4370980.31699999981;221;2018-03-28;00:45:12;3903;312
725614.153;4369472.84499999974;354;2018-03-28;00:45:12;4313;354
725462.444;4369407.886;81;2018-03-28;00:30:15;4315;20
725451.507;4369425.247;284;2018-03-28;00:00:05;4316;42
725559.821;4369550.842;174;2018-03-28;00:45:12;4319;20
726379.723;4369750.933;111;2018-03-28;00:45:12;4320;250
726222.39;4369472.91299999971;30;2018-03-28;00:45:12;4322;83
726232.543;4369491.279;210;2018-03-28;00:45:12;4323;83
725601.645;4369489.331;174;2018-03-28;00:45:12;4324;271
725284.809;4369504.03;354;2015-10-16;10:45:43;4325;1400
726168.425;4369102.168;150;2018-03-28;00:45:12;4326;30
725568.978;4369454.875;306;2018-03-28;00:45:12;4327;60
725574.181;4369421.917;174;2018-03-28;00:45:12;4328;61
725915.655;4369386.32699999958;354;2018-03-28;00:30:15;4329;60
726220.465;4369400.40799999982;70;2018-03-28;00:30:15;4330;30
725077.029;4375362.79399999976;198;2018-03-28;00:45:12;4401;504
725291.178;4375431.758;198;2018-03-28;00:45:12;4402;558
725175.425;4375566.73599999957;92;2018-03-28;00:45:12;4403;78
725162.028;4375503.156;272;2018-03-28;00:30:15;4404;54
725165.92;4375576.90799999982;272;2018-03-28;00:45:12;4405;20
725052.646;4375342.78799999971;18;2018-03-28;00:45:12;4406;486
725164.219;4375355.024;308;2018-03-28;00:45:12;4407;20
726420.872;4375253.65;161;2018-03-28;00:45:12;4420;410
728415.99;4370928.89699999988;41;2018-03-28;00:45:12;3904;208
728605.707;4371110.916;220;2018-03-28;00:45:12;3905;312
728337.157;4370633.444;335;2018-03-28;00:45:12;3906;20
728151.472;4370938.821;289;2018-03-28;00:45:12;3907;40
728149.31;4370989.6;101;2018-03-28;00:45:12;3908;20
728697.688;4371170.114;40;2018-03-28;00:45:12;3913;333
728825.288;4371119.392;80;2018-03-27;23:30:14;3914;20
728778.541;4371254.638;220;2018-03-28;00:45:12;3915;355
728829.42;4371200.132;260;2018-03-28;00:15:07;3916;20
728845.316;4371226.803;80;2018-03-28;00:30:14;3917;20
727966.775;4371152.983;346;2018-03-28;00:45:12;3918;123
727978.132;4370931.98099999968;140;2018-03-28;00:45:12;3919;144
728166.121;4371104.404;346;2018-03-28;00:45:12;3920;41
728252.335;4371106.82699999958;166;2018-03-28;00:45:12;3921;81
728788.39;4371107.35699999984;164;2018-03-28;00:45:12;3922;270
728476.67;4371195.13399999961;165;2018-03-28;00:45:12;3923;290
728365.886;4371226.144;165;2018-03-28;00:45:12;3924;248
728150.062;4371286.63;161;2018-03-28;00:45:12;3925;269
728581.569;4371072.67499999981;40;2018-03-28;00:45:12;3926;291
728150.815;4371155.876;76;2018-03-28;00:45:12;3927;20
727904.216;4371374.661;161;2018-03-28;00:45:12;3928;166
728382.17;4371246.581;272;2018-03-28;00:45:12;3929;20
727975.549;4371332.082;256;2018-03-27;23:15:07;3930;40
728264.228;4371239.99299999978;255;2018-03-28;00:45:12;3931;40
726398.016;4369483.313;268;2018-03-28;00:45:12;4303;669
726417.164;4369453.655;88;2018-03-28;00:45:12;4304;355
726682.984;4369772.302;211;2018-03-28;00:45:12;4305;249
726513.236;4369733.03899999987;120;2018-03-28;00:45:12;4306;42
726501.87;4369744.275;300;2018-03-28;00:30:14;4307;20
726568.642;4369623.633;283;2018-03-28;00:45:12;4308;42
726591.001;4369676.98699999973;31;2018-03-28;00:45:12;4309;81
725408.386;4369509.604;174;2018-03-28;00:45:12;4310;208
725442.193;4369585.369;81;2018-03-28;00:45:12;4312;42
725184.885;4375268.273;92;2018-03-27;23:30:15;4408;18
725185.715;4375215.58;102;2018-03-28;00:45:12;4409;41
725662.844;4375488.968;176;2018-03-28;00:45:12;4410;484
725362.843;4375441.085;18;2018-03-28;00:45:12;4411;434
725816.475;4375435.011;344;2018-03-28;00:45:12;4412;96
725817.796;4375444.59499999974;344;2018-03-28;00:45:12;4413;410
725863.291;4375457.443;164;2018-03-28;00:45:12;4414;58
725863.291;4375457.443;164;2018-03-28;00:45:12;4414;58
726099.374;4375286.269;84;2018-03-28;00:45:12;4416;116
726398.326;4375244.88499999978;341;2018-03-28;00:45:12;4417;38
726211.487;4375276.813;244;2018-03-28;00:00:06;4418;30
726424.852;4375261.474;161;2018-03-28;00:45:12;4419;38
726808.917;4375133.48699999973;161;2018-03-28;00:45:12;4423;530
726979.125;4375054.543;341;2018-03-28;00:45:12;4424;332
727054.936;4375049.303;161;2018-03-28;00:45:12;4425;472
727329.558;4375016.34399999958;220;2018-03-28;00:45:12;4426;92
727293.094;4374977.108;40;2018-03-28;00:45:13;4427;200
727184.768;4374854.274;248;2018-03-28;00:45:13;4428;30
726520.34;4374979.58;228;2018-03-28;00:30:15;4429;62
726554.513;4374998.33;48;2018-03-27;23:00:11;4430;20
726553.505;4374972.38499999978;318;2018-03-28;00:00:06;4431;62
726517.304;4375009.31599999964;138;2018-03-28;00:00:06;4432;60
726650.973;4375122.081;228;2018-03-28;00:45:13;4433;30
726010.2;4375300.41299999971;256;2018-03-28;00:45:13;4434;112
727349.455;4374805.05599999987;122;2018-03-28;00:45:13;4435;498
726584.791;4375192.729;341;2018-03-28;00:45:12;4421;442
726726.334;4375142.438;341;2018-03-28;00:45:12;4422;390
729323.502;4370510.66199999955;84;2018-03-27;20:15:15;4501;27
729323.502;4370510.66199999955;84;2018-03-27;20:15:15;4501;27
729151.669;4370369.451;200;2018-03-28;00:45:13;4502;150
729070.626;4370326.959;20;2018-03-28;00:30:15;4503;30
728836.392;4370241.194;20;2018-03-28;00:15:08;4504;30
728818.718;4370173.973;331;2018-03-27;23:45:14;4505;60
728787.007;4370266.274;89;2018-03-28;00:45:13;4506;30
729215.404;4370069.61099999957;166;2018-03-28;00:00:06;4507;30
729286.061;4370228.302;264;2018-03-28;00:00:06;4508;60
729286.688;4370132.939;84;2018-03-28;00:15:08;4509;60
728799.339;4370179.154;332;2018-03-27;19:30:12;4510;27
723989.627;4368407.73599999957;353;2018-03-28;00:45:13;5501;20
724008.435;4368409.834;173;2018-03-27;21:45:16;5502;20
724187.365;4368387.33299999963;172;2018-03-28;00:45:13;5503;62
724223.322;4368378.536;352;2018-03-28;00:45:13;5504;20
